file_name,Link,source,hack_status,title,brief summary,justification
@hermoneymastery_video_7254212698383142187,https://github.com/LignumBlocks/Hintsly/tree/main/data/test_cases/@hermoneymastery_video_7254212698383142187.txt,hermoneymastery,True,Debt-Free Journey and Emergency Fund Strategy,"The content outlines a personal journey to becoming debt-free and saving $10,000 by focusing on mindset, budgeting, setting up dedicated accounts, using cash envelopes, and implementing the snowball method for debt repayment.","The content provides practical financial strategies, such as budgeting realistically, creating separate accounts for bills and spending, using cash envelopes for accountability, and applying the snowball method for debt repayment. These strategies are actionable and can help individuals optimize their finances, making it a valid financial hack."
@hermoneymastery_video_7286913008788426027,https://github.com/LignumBlocks/Hintsly/tree/main/data/test_cases/@hermoneymastery_video_7286913008788426027.txt,hermoneymastery,True,Multi-Account Strategy for Budgeting,"Utilizing multiple bank accounts for specific purposes such as bills, spending, and savings to improve financial management and oversight.","The content outlines a practical strategy for managing finances by recommending the use of separate bank accounts for different financial purposes, which can help individuals track their spending, save more effectively, and avoid overspending. This aligns with the definition of a financial hack as it provides a structured approach to optimize financial management."
@hermoneymastery_video_7287292622924893486,https://github.com/LignumBlocks/Hintsly/tree/main/data/test_cases/@hermoneymastery_video_7287292622924893486.txt,hermoneymastery,True,Utilizing High-Yield Savings Accounts,"Switching from a traditional savings account to a high-yield savings account can significantly increase the interest earned on savings, maximizing financial growth.","The content clearly explains the benefits of high-yield savings accounts compared to traditional accounts, emphasizing the importance of APY and providing examples of different banks with high interest rates. This is a practical financial hack that can lead to better savings outcomes for individuals."
@hermoneymastery_video_7301700833052314922,https://github.com/LignumBlocks/Hintsly/tree/main/data/test_cases/@hermoneymastery_video_7301700833052314922.txt,hermoneymastery,True,Debt Payoff Strategies,"This content outlines two effective debt payoff strategies: the Snowball method and the Avalanche method, and emphasizes the importance of budgeting and mindset in achieving financial freedom.","The content provides clear and actionable strategies for paying off debt more efficiently, which aligns with the definition of financial hacks. It offers practical methods (Snowball and Avalanche) that individuals can use to optimize their debt repayment process, save money on interest, and encourages creating a budget to allocate extra funds for debt repayment."
@hermoneymastery_video_7329918298571820331,https://github.com/LignumBlocks/Hintsly/tree/main/data/test_cases/@hermoneymastery_video_7329918298571820331.txt,hermoneymastery,True,Mindset and Prioritization for Financial Success,"The content emphasizes the importance of developing a positive mindset, prioritizing savings over unnecessary expenses, and creating a financial plan to achieve financial stability.","The content presents valid financial hacks, such as changing one's mindset to focus on gratitude, prioritizing savings over discretionary spending, and creating a budget to manage finances effectively. It encourages accountability and highlights the necessity of having an emergency fund and a plan for achieving financial goals."
@hermoneymastery_video_7336234216226639150,https://github.com/LignumBlocks/Hintsly/tree/main/data/test_cases/@hermoneymastery_video_7336234216226639150.txt,hermoneymastery,True,100 Envelope Savings Challenge,"A savings challenge that involves filling 100 envelopes with increasing amounts of money, ultimately leading to a total of $5,050 saved.","The content provides a practical and engaging method for saving money, encouraging individuals to start saving regardless of their income level. It emphasizes the importance of habit formation in saving and allows participants to contribute any extra cash they might have, making it accessible and flexible."
@hermoneymastery_video_7340687832308223278,https://github.com/LignumBlocks/Hintsly/tree/main/data/test_cases/@hermoneymastery_video_7340687832308223278.txt,hermoneymastery,True,Mindset and Budgeting for Financial Success,"This hack emphasizes the importance of developing a positive mindset and implementing strict budgeting techniques, such as zero-based budgeting and cash stuffing, to achieve financial goals like debt repayment and savings.","The content provides actionable strategies, such as creating zero-based budgets and emergency funds, which are effective financial hacks. It also highlights the significance of mindset in overcoming financial challenges, which can lead to better financial decision-making. Overall, it offers practical advice that individuals can apply to improve their financial situations, qualifying it as a valid financial hack."
@nobudgetbabe_video_7187799448779590918,https://github.com/LignumBlocks/Hintsly/tree/main/data/test_cases/@nobudgetbabe_video_7187799448779590918.txt,nobudgetbabe,True,Calculating Your Real Hourly Wage,"This hack involves calculating your true hourly wage by factoring in not just your paycheck after taxes, but also all expenses associated with earning that income, including both hard costs (like transportation) and soft costs (like meals and health impacts).","The content provides a practical strategy for individuals to better understand their financial situation by calculating their real hourly wage. This can help them make more informed decisions about their work-life balance and spending habits, which aligns with optimizing finances."
@nobudgetbabe_video_7187818541968542982,https://github.com/LignumBlocks/Hintsly/tree/main/data/test_cases/@nobudgetbabe_video_7187818541968542982.txt,nobudgetbabe,True,"Start Small, Scale Up Investments",The strategy suggests starting with small monthly investments and gradually increasing contributions over time to build significant wealth through compounded returns.,"The content provides a practical approach to investing by emphasizing the importance of starting with an affordable amount and scaling contributions as income grows. It also mentions utilizing diversified index funds and the benefits of fractional shares, which are valid financial strategies for long-term wealth accumulation."
@nobudgetbabe_video_7197977295737359621,https://github.com/LignumBlocks/Hintsly/tree/main/data/test_cases/@nobudgetbabe_video_7197977295737359621.txt,nobudgetbabe,True,Empowerment through Financial Literacy,"The program teaches individuals how to build an emergency fund, negotiate bills, and manage debt, leading to improved financial situations and overall life satisfaction.","The content highlights practical strategies such as building an emergency fund, negotiating bills, and understanding personal finance, which are valid financial hacks that can help individuals optimize their finances and break free from living paycheck to paycheck. It emphasizes the importance of financial literacy and its positive impact on life."
@nobudgetbabe_video_7208945810539547910,https://github.com/LignumBlocks/Hintsly/tree/main/data/test_cases/@nobudgetbabe_video_7208945810539547910.txt,nobudgetbabe,True,Protecting Personal Information Online,"The content emphasizes the importance of safeguarding personal information, especially regarding locations of children, in the context of sharing financial situations online.","While the primary focus of the content is on personal safety rather than financial strategies, there is an implicit financial hack related to managing one's online presence and privacy to avoid potential threats. This can indirectly influence financial well-being by preventing risks associated with identity theft or unwanted exposure."
@nobudgetbabe_video_7218010388393217285,https://github.com/LignumBlocks/Hintsly/tree/main/data/test_cases/@nobudgetbabe_video_7218010388393217285.txt,nobudgetbabe,True,Personalized Retirement Savings Strategy,"Instead of adhering to the standard advice of saving ten percent of income for retirement, evaluate your personal retirement dreams and calculate the required savings based on that. Consider starting with smaller contributions and increasing them over time or front-loading investments to maximize growth.","The content offers a personalized approach to retirement planning by suggesting that individuals should assess their ideal retirement lifestyle and calculate the necessary funds based on specific annual costs. It also emphasizes the importance of starting investments early and the benefits of front-loading contributions to take advantage of compound growth, which are valid financial strategies."
@nobudgetbabe_video_7218631758751763718,https://github.com/LignumBlocks/Hintsly/tree/main/data/test_cases/@nobudgetbabe_video_7218631758751763718.txt,nobudgetbabe,True,Investing While in Debt,You don't need to be completely debt-free to start investing; doing so can lead to significant profits and improve your financial situation.,"The content suggests that waiting to be debt-free before investing could result in missed opportunities for profit, highlighting the importance of starting to invest early even if you have existing debt. This advice encourages individuals to take action towards wealth-building rather than delaying due to debt, which aligns with the idea of optimizing finances."
@nobudgetbabe_video_7237851770519686405,https://github.com/LignumBlocks/Hintsly/tree/main/data/test_cases/@nobudgetbabe_video_7237851770519686405.txt,nobudgetbabe,True,Investing in the Stock Market for Passive Income,"The content suggests that individuals can become part owners in numerous companies by investing in the stock market, which can lead to significant financial growth over time without the commitment of running a business.","The content provides a strategy for individuals to build wealth through stock market investments, emphasizing the potential for passive income and the importance of starting with small amounts. This aligns with the definition of a financial hack as it offers a practical approach to optimizing finances."
@nobudgetbabe_video_7239371891100765445,https://github.com/LignumBlocks/Hintsly/tree/main/data/test_cases/@nobudgetbabe_video_7239371891100765445.txt,nobudgetbabe,True,Investing in Assets and Networking for Wealth,"The content suggests that to achieve wealth, individuals should focus on acquiring income-generating assets like stocks and real estate instead of working for their lifestyle. It also emphasizes the importance of surrounding oneself with successful individuals to foster a wealth-building mindset.","The content provides various strategies for financial improvement, such as investing in REITs (Real Estate Investment Trusts), focusing on cash flow from assets, and changing one's social circle to include wealthier individuals. These strategies can be considered valid financial hacks as they offer practical methods for optimizing finances and increasing wealth."
@nobudgetbabe_video_7247529929359805701,https://github.com/LignumBlocks/Hintsly/tree/main/data/test_cases/@nobudgetbabe_video_7247529929359805701.txt,nobudgetbabe,True,Align Spending with Personal Values,"The content emphasizes the importance of spending money in alignment with personal values and goals, rather than adhering to restrictive budgeting that may not suit everyone's lifestyle.","The content suggests that individuals can achieve financial success while still enjoying their money by prioritizing spending on things that bring them joy and fulfillment, as long as they also save and invest appropriately. This approach can be seen as a valid financial hack because it encourages a balanced perspective on spending and saving, allowing for personal enjoyment without compromising long-term financial health."
@nobudgetbabe_video_7376336569277467910,https://github.com/LignumBlocks/Hintsly/tree/main/data/test_cases/@nobudgetbabe_video_7376336569277467910.txt,nobudgetbabe,True,Strategies for Home Ownership and Financial Growth,"The content discusses four strategies for buying a house with limited funds, including renting in a desired area while buying where affordable, house hacking by renting out parts of a purchased property, improving skills for a higher salary to save for a down payment, and renting below home ownership costs while investing the difference.","The content provides several practical strategies that individuals can implement to enhance their financial situations, particularly in relation to home ownership and building wealth. Each strategy offers a unique approach to navigating the real estate market while optimizing financial resources, making them valid financial hacks."
@nobudgetbabe_video_7410407222456454406,https://github.com/LignumBlocks/Hintsly/tree/main/data/test_cases/@nobudgetbabe_video_7410407222456454406.txt,nobudgetbabe,True,Maximize Active Income and Investment Growth,"To improve financial stability, individuals should focus on increasing their active income, managing fixed expenses, and contributing to retirement accounts aggressively, even if starting with small amounts.","The content provides actionable strategies to enhance one's financial situation by emphasizing the importance of increasing income, controlling expenses, and taking advantage of retirement accounts for tax benefits. These strategies are practical and can significantly impact an individual's financial future, making them valid financial hacks."
@nobudgetbabe_video_7410507927296937222,https://github.com/LignumBlocks/Hintsly/tree/main/data/test_cases/@nobudgetbabe_video_7410507927296937222.txt,nobudgetbabe,True,The Path to Financial Freedom,"This hack outlines a step-by-step process for achieving financial independence by making money, saving, investing in income-producing assets, and ultimately living off passive income.","The content provides a clear sequence of steps that illustrate a valid financial strategy for wealth accumulation and financial freedom. It emphasizes the importance of earning and saving before investing, which is a foundational principle in personal finance."
@nobudgetbabe_video_7410780580540960006,https://github.com/LignumBlocks/Hintsly/tree/main/data/test_cases/@nobudgetbabe_video_7410780580540960006.txt,nobudgetbabe,False,Unknown Financial Hack,The content does not provide any specific financial strategies or techniques.,The text extraction does not contain any information or context that can be analyzed for financial hacks. It simply states 'you' without any further details.
@nobudgetbabe_video_7410834166188707077,https://github.com/LignumBlocks/Hintsly/tree/main/data/test_cases/@nobudgetbabe_video_7410834166188707077.txt,nobudgetbabe,True,Mindset Shift for Wealth Creation,Changing your beliefs about money can lead to easier paths for financial success and wealth accumulation.,"The content emphasizes the importance of mindset and belief systems in achieving financial success. It suggests that by altering negative beliefs about money and work, individuals can align their actions towards more favorable financial outcomes. While this approach is more psychological than a direct financial strategy, it can lead to practical changes in behavior and financial habits."
@nobudgetbabe_video_7410944472420388102,https://github.com/LignumBlocks/Hintsly/tree/main/data/test_cases/@nobudgetbabe_video_7410944472420388102.txt,nobudgetbabe,False,Emotional Investment,"The content suggests that going to great lengths for someone can be seen as an emotional investment, which may indirectly relate to valuing relationships in financial decisions.","The content does not provide any practical financial strategies, techniques, or tips related to optimizing finances, saving money, or improving economic situations. It is more focused on emotional expression rather than financial advice."
@nobudgetbabe_video_7411156090685066501,https://github.com/LignumBlocks/Hintsly/tree/main/data/test_cases/@nobudgetbabe_video_7411156090685066501.txt,nobudgetbabe,True,Invest Early for Financial Freedom,"Encourages individuals to start saving and investing early to achieve financial independence and a desirable lifestyle, as opposed to being trapped in a traditional 9-to-5 job.","The content discusses the importance of saving and investing early in life to build wealth and achieve work optionality, which aligns with the principles of financial hacks aimed at optimizing finances. The mention of a mentor who retired early through investing serves as a practical example of this strategy."
@nobudgetbabe_video_7411201473683524870,https://github.com/LignumBlocks/Hintsly/tree/main/data/test_cases/@nobudgetbabe_video_7411201473683524870.txt,nobudgetbabe,True,Mindset Shift for Financial Empowerment,This content emphasizes the importance of recognizing self-imposed limitations and beliefs that hinder financial progress. It advocates for a mindset change to prioritize long-term financial stability over momentary pleasures.,"While the content mainly focuses on psychological barriers and self-awareness rather than specific financial strategies, it indirectly promotes a hack by encouraging individuals to confront their beliefs about money and spending. This mindset shift could lead to more prudent financial decisions, aligning better with financial goals."
@nobudgetbabe_video_7411313427278204165,https://github.com/LignumBlocks/Hintsly/tree/main/data/test_cases/@nobudgetbabe_video_7411313427278204165.txt,nobudgetbabe,False,High Balance Management,"The content highlights an individual with a significant checking account balance, suggesting the importance of managing large sums of money.","While the content does mention a high checking account balance, it does not provide any specific strategies, techniques, or actionable advice for optimizing finances or improving economic situations. Therefore, it does not qualify as a valid financial hack."
@nobudgetbabe_video_7411517310441262341,https://github.com/LignumBlocks/Hintsly/tree/main/data/test_cases/@nobudgetbabe_video_7411517310441262341.txt,nobudgetbabe,True,Utilizing Balance Transfer Cards to Manage Credit Card Debt,"Using a balance transfer card allows individuals to transfer high-interest credit card debt to a card with a promotional 0% interest rate for a set period, helping to pay down debt more quickly and save on interest payments.","The content describes a practical financial strategy that can help individuals manage and reduce credit card debt effectively. By transferring high-interest debt to a balance transfer card, users can save money on interest and improve their credit score by lowering their credit utilization ratio. However, it also emphasizes the importance of addressing the underlying behaviors that led to debt, which is a critical aspect of using this strategy responsibly."
@nobudgetbabe_video_7411633346972830981,https://github.com/LignumBlocks/Hintsly/tree/main/data/test_cases/@nobudgetbabe_video_7411633346972830981.txt,nobudgetbabe,True,Transforming Financial Health through Knowledge and Mindset,"The individual shares their journey from significant debt to achieving a millionaire status by focusing on financial education, personal responsibility, and a mindset shift, encouraging others to believe in their potential for change.","The content highlights a personal transformation story that emphasizes the importance of financial literacy, perseverance, and a proactive mindset in overcoming financial struggles. This aligns with the concept of financial hacks as it provides insights into strategies that can lead to improved financial situations."
@nobudgetbabe_video_7411890181906779397,https://github.com/LignumBlocks/Hintsly/tree/main/data/test_cases/@nobudgetbabe_video_7411890181906779397.txt,nobudgetbabe,True,Investing in Dividend-Paying ETFs,"The video discusses two ETFs, ZRE and BDY, which provide substantial annual dividends, allowing investors to earn passive income while potentially benefiting from capital appreciation.","The content provides practical investment strategies focused on ETFs that pay dividends, which can optimize finances by generating passive income. It also explains the benefits of REITs and Canadian dividend stocks while offering alternatives for U.S. investors, making it a valid financial hack."
@nobudgetbabe_video_7412259814920686854,https://github.com/LignumBlocks/Hintsly/tree/main/data/test_cases/@nobudgetbabe_video_7412259814920686854.txt,nobudgetbabe,True,Diversification in Investing,"The content emphasizes the importance of diversifying investments across different industries, countries, and company sizes to mitigate risks and capitalize on growth opportunities.","The advice to diversify investments is a valid financial strategy that can help reduce risk and enhance long-term returns, making it a legitimate financial hack."
@nobudgetbabe_video_7412285078060961029,https://github.com/LignumBlocks/Hintsly/tree/main/data/test_cases/@nobudgetbabe_video_7412285078060961029.txt,nobudgetbabe,False,,The content does not provide any financial strategies or tips.,"The text extracted from the TikTok video does not contain any information related to financial optimization, savings, or income generation. It appears to be unrelated to financial hacks."
@nobudgetbabe_video_7412421506774355205,https://github.com/LignumBlocks/Hintsly/tree/main/data/test_cases/@nobudgetbabe_video_7412421506774355205.txt,nobudgetbabe,True,Respect Your Money and Lifestyle Choices,"This hack emphasizes the importance of valuing your income and understanding the psychological impacts of spending, suggesting that individuals should avoid lifestyle inflation and respect the trade-off between life and money.","The content discusses the common issue of living paycheck to paycheck regardless of income and highlights the importance of mindset in managing finances. It suggests that individuals should recognize the opportunity costs of their spending and avoid the hedonic treadmill, thereby promoting better financial habits."
@nobudgetbabe_video_7412632481272220933,https://github.com/LignumBlocks/Hintsly/tree/main/data/test_cases/@nobudgetbabe_video_7412632481272220933.txt,nobudgetbabe,True,Understanding and Managing Fixed and Discretionary Expenses,The content emphasizes the importance of analyzing fixed and discretionary expenses to identify financial challenges and make informed decisions to improve one's financial situation.,"The content provides practical advice on recognizing the impact of high fixed and discretionary expenses on financial stability. It encourages individuals to assess their financial situation and make adjustments to their spending habits, which aligns with the concept of optimizing finances. Therefore, it can be considered a valid financial hack."
@nobudgetbabe_video_7412720587971333382,https://github.com/LignumBlocks/Hintsly/tree/main/data/test_cases/@nobudgetbabe_video_7412720587971333382.txt,nobudgetbabe,False,Emotional Spending Awareness,Recognizing the impact of emotions on financial decisions can help individuals avoid impulsive spending.,"The content refers to emotions, particularly in the context of love and craziness, which can relate to emotional spending. However, it does not provide any actionable financial strategies or techniques."
@nobudgetbabe_video_7413006516116032773,https://github.com/LignumBlocks/Hintsly/tree/main/data/test_cases/@nobudgetbabe_video_7413006516116032773.txt,nobudgetbabe,True,Set Small Goals for Financial Success,"Break down large financial goals into smaller, manageable tasks to avoid feeling overwhelmed and to make progress more achievable.","The content emphasizes the importance of setting small, realistic goals instead of focusing on overwhelming large targets, which can lead to analysis paralysis. This is a valid financial hack as it provides a clear strategy for individuals to approach saving or investing without feeling intimidated by the overall goal."
@nobudgetbabe_video_7413031439152762117,https://github.com/LignumBlocks/Hintsly/tree/main/data/test_cases/@nobudgetbabe_video_7413031439152762117.txt,nobudgetbabe,True,Determining Your Financial Independence Number,"The content discusses the concept of a financial independence number or FU number, which is the amount of money needed to achieve financial freedom and maintain a desired lifestyle.","The content introduces the idea of calculating a financial independence number, which is a practical strategy for individuals aiming to understand their financial goals and determine how much wealth they need to accumulate for a comfortable lifestyle. This aligns with the definition of financial hacks as it helps optimize finances and set clear financial targets."
@nobudgetbabe_video_7413169283217247493,https://github.com/LignumBlocks/Hintsly/tree/main/data/test_cases/@nobudgetbabe_video_7413169283217247493.txt,nobudgetbabe,True,Five Money Lessons for Aspiring Millionaires,"The content outlines five essential money lessons that can help individuals become self-made millionaires, emphasizing the importance of viewing homeownership, wedding expenses, retirement planning, simplified investing, and the financial implications of raising children.","The content provides practical financial insights, such as the misconception about homes as investments, the importance of investing for retirement, and a simplified approach to investing. It highlights the need for financial awareness, which can lead to better money management and wealth building."
@nobudgetbabe_video_7413409529892850949,https://github.com/LignumBlocks/Hintsly/tree/main/data/test_cases/@nobudgetbabe_video_7413409529892850949.txt,nobudgetbabe,True,Start Investing Early for Compound Growth,"Encourages individuals, especially the young, to start investing small amounts of money early to take advantage of compound interest over time, ensuring long-term financial security.","The content emphasizes the importance of early investment and the power of compound interest as a strategy for wealth accumulation. It provides a practical call to action, suggesting that even small, regular contributions can lead to significant financial benefits in the future."
